date,is_promotion,is_holiday,price,sales
2023-01-01,0,0,16.64265797930993,157.0489993643911
2023-01-02,1,0,23.14574720231382,142.3136387708096
2023-01-03,0,0,21.651972206962,129.85958444971462
2023-01-04,0,0,20.23065424769119,122.20169432129644
2023-01-05,0,0,18.588304841235026,132.4563552740966
2023-01-06,0,0,23.772005408131083,126.08654881489335
2023-01-07,0,0,18.924451074226354,139.77619263979489
2023-01-08,0,0,23.16599439471577,132.3673284922903
2023-01-09,0,0,19.391349085702185,147.90311136417523
2023-01-10,0,0,18.769444294249077,137.61373837725893
2023-01-11,0,0,19.626797856696065,128.99070898994282
2023-01-12,1,0,18.01377874164142,174.3677723614663
2023-01-13,0,0,22.47609380176251,137.7655625532111
2023-01-14,0,0,20.027203900924793,122.56114641989434
2023-01-15,0,0,17.322126951468174,146.2899662743002
2023-01-16,0,0,23.995745732745682,130.04904254197976
2023-01-17,0,0,18.838912213732115,130.4439342289221
2023-01-18,0,0,20.435528611139887,144.05199170644687
2023-01-19,0,0,24.06472110964547,121.60456981161836
2023-01-20,0,0,21.24237995913992,130.0741596232943
2023-01-21,0,0,16.16898040708364,141.30306305547688
2023-01-22,0,0,24.398321236134752,126.79947722165217
2023-01-23,0,0,21.27708053071418,117.99200439335078
2023-01-24,0,0,18.34905614657086,120.47888231027059
2023-01-25,0,0,16.392720726633872,154.8056997139614
2023-01-26,0,0,22.94025189270296,117.36456037201437
2023-01-27,0,0,21.200727559285134,119.46788613309437
2023-01-28,0,0,20.334610919763215,113.64872887628829
2023-01-29,0,0,23.938925830509575,121.65296981956182
2023-01-30,0,0,22.885972112245305,112.98618390453454
2023-01-31,0,0,16.516748797327512,155.44426717543294
2023-02-01,0,0,18.117220677955483,145.98992981186382
2023-02-02,0,0,17.484891398144658,130.343501131906
2023-02-03,1,0,22.43946292572677,179.90880668758626
2023-02-04,1,0,15.335324347357794,185.4789677664212
2023-02-05,0,0,20.698896848713165,131.75444116433243
2023-02-06,0,0,22.624586857406904,102.2259049389196
2023-02-07,0,0,23.767656367617494,147.9118358987657
2023-02-08,0,0,18.420817487159074,121.8689503717633
2023-02-09,0,0,23.21257304672013,109.79576355633239
2023-02-10,0,0,16.106317369552073,150.75655380595796
2023-02-11,0,0,23.46452291734518,154.2805495592922
2023-02-12,0,0,16.274886623319823,158.17361337467955
2023-02-13,1,0,18.972872905603673,170.6425909311544
2023-02-14,0,0,22.972953657795536,133.01946874852405
2023-02-15,0,0,16.49917427348774,148.62222679391402
2023-02-16,0,0,17.292513952326416,146.15926485192537
2023-02-17,0,0,22.222525683930662,131.59045683616714
2023-02-18,0,0,22.200365365460744,133.93346137855613
2023-02-19,0,0,21.411476328852974,133.91188423888184
2023-02-20,1,0,21.939484444671002,152.01074050319835
2023-02-21,0,0,20.427244433475963,129.83670275121162
2023-02-22,1,0,17.517990589069527,151.60098017236248
2023-02-23,0,0,18.456959935039194,135.73780046005368
2023-02-24,0,0,16.815977168014257,130.185838296166
2023-02-25,1,0,24.084505613336283,148.56738641049756
2023-02-26,0,0,20.833917947661206,137.97198353116437
2023-02-27,0,0,19.0085141676364,149.8124595487493
2023-02-28,0,0,19.62005803644133,143.92110211334074
2023-03-01,0,0,24.472833396118155,109.39596640335634
2023-03-02,0,0,16.533514031160802,131.1519169094236
2023-03-03,0,0,20.862298320167973,141.86692868261892
2023-03-04,0,0,20.05888678884466,128.30975303562442
2023-03-05,0,0,21.11454235434648,133.84557144565778
2023-03-06,0,0,15.181101838208406,149.52789207377384
2023-03-07,0,0,23.721239089441514,117.33223913804989
2023-03-08,0,0,24.32118282483612,126.93813838298077
2023-03-09,0,0,20.65133183589209,119.95241745585135
2023-03-10,0,0,21.966508238768924,124.71723026539173
2023-03-11,1,0,24.224993811772958,163.4803420059453
2023-03-12,0,0,22.072386343133985,118.72638737210532
2023-03-13,0,0,16.525390429142615,146.22365102063287
2023-03-14,0,0,20.762883601668133,133.2161264123352
2023-03-15,0,0,21.06715046382856,138.39745732707678
2023-03-16,0,0,19.24130671302386,138.83197373078545
2023-03-17,0,0,22.364442356247228,144.05655250905468
2023-03-18,0,0,24.343670147690148,131.77752475853362
2023-03-19,0,0,24.255685129067764,126.47578146367091
2023-03-20,0,0,19.508393714041322,137.55598184092332
2023-03-21,0,0,16.132380458407553,148.58660071785604
2023-03-22,0,0,24.848411989623344,126.27874517394177
2023-03-23,0,0,23.38898086445934,129.1835107386757
2023-03-24,0,0,16.24662681203267,136.1109721590468
2023-03-25,0,0,24.208418826173723,124.6468829389469
2023-03-26,0,0,23.698963620621285,118.33733691318848
2023-03-27,0,0,20.188380571260723,152.94891026740007
2023-03-28,0,0,20.912754357449295,121.63435001486482
2023-03-29,0,0,18.990027038701303,131.05797213393873
2023-03-30,0,0,15.547616388220312,137.75635986279195
2023-03-31,0,0,18.35197241645901,148.3495513370751
2023-04-01,0,0,23.028534485980114,131.16627375129232
2023-04-02,0,0,15.046320230046028,162.62620687844228
2023-04-03,0,0,18.334991716911443,132.90512404115955
2023-04-04,0,0,18.981686935909433,141.20516857346442
2023-04-05,0,0,20.37395602937923,127.34580533731337
2023-04-06,0,0,24.198556164127606,149.57015398377223
2023-04-07,0,0,18.46345994365961,127.78145806230336
2023-04-08,0,0,18.469532018962276,146.81209230988756
2023-04-09,0,0,22.375012481097485,142.309280198292
2023-04-10,0,0,19.522179408898072,141.88375561350898
2023-04-11,0,0,17.24604822939982,140.51373751483754
2023-04-12,0,0,19.524395161326936,136.5803003480503
2023-04-13,0,0,16.408570203798,144.61685908585764
2023-04-14,0,0,16.763869865062233,142.06671213287734
2023-04-15,1,0,19.9836777273948,180.80449469807033
2023-04-16,0,0,19.18925449504548,164.92836711635755
2023-04-17,0,0,24.148459010681,123.39839732471877
2023-04-18,0,0,18.62393899116633,126.39291252365985
2023-04-19,0,0,20.805883502780436,134.91281991833398
2023-04-20,0,0,21.322642879195303,160.62780213118413
2023-04-21,0,0,15.130944565883336,139.24594680719173
2023-04-22,0,0,21.635373720167106,154.73358933838628
2023-04-23,1,0,16.780359668697514,194.89804463327334
2023-04-24,0,0,24.61070317469455,122.99305416905908
2023-04-25,0,0,16.48662727753113,150.53550627794277
2023-04-26,0,0,19.14624123727024,155.8790009035213
2023-04-27,0,0,15.853496680786439,142.4578334809528
2023-04-28,0,0,24.96874251845947,126.05140272008217
2023-04-29,0,0,20.021950103312427,136.23256911753754
2023-04-30,0,0,20.953850173200436,130.10659791594344
2023-05-01,0,0,15.670764773884274,140.3961476764685
2023-05-02,0,0,22.49960470399178,121.06042770491514
2023-05-03,0,0,17.099055930955856,144.51034970682593
2023-05-04,0,0,23.980542894407137,122.77539589236885
2023-05-05,0,0,17.05139640482007,146.73986740566102
2023-05-06,0,0,16.906877206636665,133.20067732770823
2023-05-07,0,0,15.365496678480948,155.21978427382464
2023-05-08,0,0,19.720669451099994,147.6045131281554
2023-05-09,0,0,20.648411332626164,117.54497042892338
2023-05-10,0,0,15.657086394283525,151.2741295354231
2023-05-11,0,0,22.755276166950104,145.6824613219713
2023-05-12,0,0,19.532888347480277,127.8227239548901
2023-05-13,0,0,20.2439026932758,159.29141642421226
2023-05-14,0,0,19.40762746938228,148.49702020290687
2023-05-15,1,0,19.00763060875326,164.12529237854451
2023-05-16,0,0,20.596403313082178,137.50876185651785
2023-05-17,0,0,16.552402459307125,151.80631057148634
2023-05-18,0,0,16.81928130495271,146.51792477472623
2023-05-19,0,0,23.617856210135173,137.61686808032502
2023-05-20,1,0,24.461154621336327,155.4045625082895
2023-05-21,1,0,18.73309316279753,177.8296167021457
2023-05-22,0,0,17.70744673143554,130.11874346108323
2023-05-23,0,0,21.439995432390155,135.74711752036094
2023-05-24,0,0,19.087341710980965,132.5941962676426
2023-05-25,0,0,15.253863556603449,142.013516670772
2023-05-26,0,0,16.561525973661904,159.18301012028127
2023-05-27,0,0,22.159722288473976,150.60737405011957
2023-05-28,0,0,21.589239419101514,146.99520689761772
2023-05-29,0,0,15.270959925034834,138.68584413557767
2023-05-30,0,0,17.219721619329494,142.61595100239026
2023-05-31,1,0,17.310747965880715,187.79754691165178
2023-06-01,0,0,21.718927435987283,138.33596721367002
2023-06-02,0,0,15.197105377543641,173.22432469959935
2023-06-03,0,0,16.041085819845737,156.34483391474606
2023-06-04,1,0,22.999160853731894,170.4845837235545
2023-06-05,0,0,16.785446620543336,143.96894348863043
2023-06-06,0,0,21.527461078518748,138.9800753681516
2023-06-07,0,0,17.381827810467264,144.47982159825045
2023-06-08,0,0,15.994413927593452,155.92902160031355
2023-06-09,0,0,17.43172190999454,155.60892914219548
2023-06-10,0,0,22.22266931855659,132.66870365767016
2023-06-11,0,0,23.55696468106286,124.61626510778345
2023-06-12,0,0,23.302198645669918,116.1446600887383
2023-06-13,0,0,18.971835296184548,148.3159408934916
2023-06-14,0,0,21.68085136570646,126.85291652920773
2023-06-15,0,0,17.04984295415821,125.68828059014228
2023-06-16,0,0,17.931477302610134,149.40829097369704
2023-06-17,0,0,23.9633581852112,162.4573254431373
2023-06-18,0,0,15.13001923510736,155.20188615924232
2023-06-19,0,0,15.85508530854468,158.26595797790716
2023-06-20,0,0,17.078862551460272,148.32037643865937
2023-06-21,0,0,15.265322038738198,150.2088544523406
2023-06-22,0,0,16.814354350897972,157.3590382954343
2023-06-23,0,0,20.83041560969692,137.30199261169633
2023-06-24,0,0,19.21424550592498,150.1795885074699
2023-06-25,0,0,23.92671711076975,141.36628732464558
2023-06-26,0,0,23.17443561738441,129.0415548186498
2023-06-27,0,0,18.41817351697876,155.22399415688096
2023-06-28,1,0,17.594234334312926,175.27043856551742
2023-06-29,0,0,18.79692408167267,137.12579214844774
2023-06-30,0,0,20.902949425148076,145.90487859775354
2023-07-01,0,0,17.680636408228764,142.0683134836019
2023-07-02,1,0,21.24148907849134,174.28168664030255
2023-07-03,0,0,19.094116521912404,144.27201731895124
2023-07-04,0,0,20.5204718085198,152.43803947611843
2023-07-05,0,0,19.361265291353167,148.7130662865596
2023-07-06,0,0,17.944657595419176,146.61761686780076
2023-07-07,0,0,24.484533069621566,142.03438560447444
2023-07-08,0,0,22.636057941597606,155.52433546431675
2023-07-09,0,0,16.401131757664526,159.73880251115253
2023-07-10,0,0,23.68467975897913,135.76571674906265
2023-07-11,0,0,19.874311982495136,130.23315088571937
2023-07-12,1,0,23.945522268940913,154.6265431111998
2023-07-13,0,0,22.998552559473154,134.18795922296653
2023-07-14,0,0,19.252135044692334,138.70650638010616
2023-07-15,0,0,15.224693083201174,155.055386400451
2023-07-16,0,0,17.68677359384946,152.6360247636041
2023-07-17,0,0,20.41634214660867,147.97590305830607
2023-07-18,0,0,21.334782198261472,140.20569473646637
2023-07-19,0,0,17.578876854332023,153.35609674880237
2023-07-20,0,0,16.39356074072824,151.57504379147326
2023-07-21,0,0,23.34930236799299,117.332737830928
2023-07-22,0,0,24.84402180703552,128.77319778381823
2023-07-23,0,0,20.25690182302686,145.96850323843108
2023-07-24,0,0,16.716792858483036,138.46123640194796
2023-07-25,0,0,17.72307326519369,154.61349742252392
2023-07-26,0,0,15.183906765474667,169.068638551061
2023-07-27,0,0,24.14298806560499,148.09917324996073
2023-07-28,0,0,16.17751082890141,149.77666760271677
2023-07-29,0,0,20.765164755142536,161.71163693366026
2023-07-30,0,0,17.74055220687206,154.40886233934697
2023-07-31,0,0,20.541780025157934,140.01745952519784
2023-08-01,0,0,21.514203883518643,135.37803198987157
2023-08-02,0,0,23.297418037072017,134.98952055891706
2023-08-03,0,0,17.064212717606033,146.66744698294218
2023-08-04,0,0,15.109958286584805,156.23047335977597
2023-08-05,0,0,16.368856300688073,157.6828420239373
2023-08-06,0,0,24.00018641848105,140.913489285011
2023-08-07,0,0,23.738900775625154,141.8435691722763
2023-08-08,0,0,20.974131021703084,154.97877683614448
2023-08-09,0,0,21.005168604336532,152.57436738305154
2023-08-10,0,0,21.650366745462556,127.00803716751139
2023-08-11,0,0,16.753712786234495,126.1797005270711
2023-08-12,0,0,24.1441194592496,150.34988474807736
2023-08-13,0,0,19.187705248920732,137.31931417781226
2023-08-14,0,0,18.831385282494974,145.52167418151532
2023-08-15,1,0,20.189177052828377,163.4212015048059
2023-08-16,0,0,15.46965966775055,136.6101492653791
2023-08-17,0,0,16.662833687560795,157.72681998923085
2023-08-18,0,0,22.380336164263703,148.53732646242776
2023-08-19,0,0,15.827986679251264,152.3539569277831
2023-08-20,0,0,21.03152109466388,121.87015628840008
2023-08-21,0,0,17.45349109681321,145.54278182864985
2023-08-22,0,0,18.892956140419766,152.11292338361116
2023-08-23,0,0,17.886937367707,135.4863922928941
2023-08-24,0,0,18.55672716464949,150.8381146901661
2023-08-25,0,0,22.190459051842453,141.6525403318828
2023-08-26,0,0,17.971217156231752,160.1056247164692
2023-08-27,0,0,20.66404640296897,150.19144201674953
2023-08-28,0,0,19.760504021990997,137.14062079137256
2023-08-29,1,0,21.63671165362648,185.1531970591862
2023-08-30,1,0,24.36829739324758,166.2076019386535
2023-08-31,1,0,22.325720972102502,171.6735922217382
2023-09-01,0,0,17.149403785907566,143.03517950411958
2023-09-02,0,0,15.311831350612847,155.67876855915
2023-09-03,1,0,17.62264044299825,176.71053285164945
2023-09-04,0,0,20.95077930700255,143.24140877029976
2023-09-05,1,0,15.514258134842503,203.02958362090166
2023-09-06,1,0,19.963662472012363,163.3632658214491
2023-09-07,0,0,20.968428489168893,129.00571834330628
2023-09-08,0,0,18.34243890816961,165.17360186463253
2023-09-09,0,0,22.70912203745822,143.7038826652247
2023-09-10,0,0,16.065982531337717,152.46125816800935
2023-09-11,0,0,15.751377817358087,166.2488289621527
2023-09-12,0,0,22.281887562036033,136.80119430709152
2023-09-13,0,0,19.954913162061985,165.83998274550177
2023-09-14,1,0,21.88402396427736,180.5695098246185
2023-09-15,0,0,19.348273386037462,144.05122529187273
2023-09-16,0,0,17.46402033239107,178.3405147189017
2023-09-17,0,0,23.191023176741997,139.32486477313557
2023-09-18,0,0,22.99415878968979,149.2652836029906
2023-09-19,1,0,21.946964708544268,177.00023095487762
2023-09-20,0,0,17.721451372299626,165.5443318229141
2023-09-21,0,0,20.90230666869087,161.8489074090363
2023-09-22,0,0,18.60973896940027,151.2075594366308
2023-09-23,0,0,15.915820733266342,152.80976282040328
2023-09-24,0,0,24.17313575462243,148.49762001616827
2023-09-25,0,0,16.368186309189614,148.7992308857458
2023-09-26,0,0,24.502373538208026,159.51046970612043
2023-09-27,0,0,19.460057729579557,150.89516926456264
2023-09-28,0,0,16.851329288386196,151.16264442862504
2023-09-29,0,0,20.419009473783582,149.5958897352246
2023-09-30,0,0,23.729458358764084,131.72551311694164
2023-10-01,1,0,22.322248864095613,168.3636417220932
2023-10-02,0,0,23.0656114786145,154.66578306323035
2023-10-03,0,0,21.587833667107173,139.11684392271093
2023-10-04,0,0,21.922765645178526,134.6154000350869
2023-10-05,0,0,23.491956515653193,147.381242751854
2023-10-06,0,0,17.49668008859186,165.9308967329579
2023-10-07,0,0,19.894249636431404,160.53683630292366
2023-10-08,0,0,17.212094418196024,168.74067759642608
2023-10-09,0,0,24.87668007996647,131.95166563475655
2023-10-10,0,0,24.440593396866134,126.24227032485753
2023-10-11,0,0,15.394268113685058,173.63495118381712
2023-10-12,0,0,22.055751725156885,142.14043615852142
2023-10-13,0,0,24.25248317415666,138.5340285900169
2023-10-14,0,0,16.805753451273336,173.28634672444872
2023-10-15,0,0,20.679452305526294,157.88789479708294
2023-10-16,0,0,24.15488297588042,146.0021981888083
2023-10-17,0,0,15.339459785857988,180.7927774026721
2023-10-18,0,0,21.9742026724684,139.5066729822631
2023-10-19,0,0,17.973490073725507,163.29026886998685
2023-10-20,0,0,24.243961953765304,142.10964218368989
2023-10-21,0,0,24.71058245165368,147.36077983319902
2023-10-22,0,0,24.44266489113434,160.56396353535456
2023-10-23,0,0,19.742142166574638,155.82726938886904
2023-10-24,0,0,23.620426509893136,148.4438910354563
2023-10-25,0,0,23.4454939853507,154.20445577276698
2023-10-26,0,0,18.191004732432557,150.40742071570057
2023-10-27,0,0,23.289154741506774,135.53713842521506
2023-10-28,0,0,15.370076347154926,153.38788705272262
2023-10-29,0,0,20.96269878482053,133.05575532946585
2023-10-30,0,0,17.30008837287703,176.67520045214025
2023-10-31,0,0,16.20566885777279,147.33847163135283
2023-11-01,0,0,15.769532016292091,157.09887984129745
2023-11-02,1,0,21.9628877587814,174.2251586989115
2023-11-03,0,0,18.398749637680663,157.2642220237173
2023-11-04,0,0,22.247667715287616,158.71827812142953
2023-11-05,0,0,15.653563407989424,172.42243659985454
2023-11-06,0,0,18.152903378306103,149.0568344955585
2023-11-07,0,0,20.394912923753374,148.80095975811338
2023-11-08,0,0,22.907231648389637,148.3419260572121
2023-11-09,0,0,18.1875250293207,152.53721563425566
2023-11-10,1,0,21.258913764370092,195.0233922918164
2023-11-11,0,0,23.85977748236187,152.72654571763954
2023-11-12,0,0,21.158631881823045,160.63645236845701
2023-11-13,0,0,17.329594747536337,163.64314856883055
2023-11-14,0,0,15.24400781556538,172.98883542657572
2023-11-15,0,0,23.700988739009297,146.21893769749585
2023-11-16,0,0,15.212694108503872,148.4855789975353
2023-11-17,0,0,23.747016726841995,148.45071986356808
2023-11-18,0,0,20.28937134027212,148.92414928688729
2023-11-19,0,0,24.390676985128962,142.01752722321845
2023-11-20,0,0,22.987832357736654,152.04161058867572
2023-11-21,1,0,24.979341105333376,184.64637072589184
2023-11-22,0,0,18.5071181545171,155.48928878617278
2023-11-23,0,0,22.67188288931127,150.10396078083764
2023-11-24,0,0,19.01930913609242,171.41151471326222
2023-11-25,0,0,19.79875620303909,159.30659003352628
2023-11-26,0,0,21.2750546321837,180.0318796277795
2023-11-27,0,0,23.736771141863386,150.81529902855576
2023-11-28,0,0,24.840834691992953,125.41303498604714
2023-11-29,0,0,22.68273413864518,154.93886700097033
2023-11-30,0,0,19.17766782167334,158.2957543783206
2023-12-01,0,0,19.213570022770703,167.3784807737497
2023-12-02,0,0,22.375823015888916,158.95684786500954
2023-12-03,0,0,17.387771457683023,160.88516473450815
2023-12-04,0,0,16.104741131313947,148.66138996981454
2023-12-05,0,0,18.546221576407767,153.99976597528445
2023-12-06,0,0,17.87238991654082,149.00104443140975
2023-12-07,0,0,17.963081204559902,151.58821900504148
2023-12-08,0,0,17.3360775104991,164.60183204104058
2023-12-09,0,0,15.42093189636362,183.31397137424358
2023-12-10,0,0,15.178739347334139,171.11461383264245
2023-12-11,0,0,24.877223897360317,131.8806859196326
2023-12-12,0,0,19.277731337358624,159.5531154478134
2023-12-13,0,0,18.843266471596817,168.01092046921622
2023-12-14,0,0,21.7964728269307,144.10895095452227
2023-12-15,0,0,17.182538878650643,158.16306333317115
2023-12-16,0,0,24.499611839502254,149.08455813111325
2023-12-17,0,0,22.86345014415552,144.42960354931648
2023-12-18,0,0,15.894110023122595,168.7686583662675
2023-12-19,0,0,19.175807757849284,154.58156417792185
2023-12-20,0,0,23.791183075621646,150.82420657314935
2023-12-21,0,0,24.4473202229141,136.51027316709732
2023-12-22,0,0,19.674015112498697,150.62580926833917
2023-12-23,0,0,21.134113892107077,163.37259539625833
2023-12-24,0,0,16.67033946092075,161.41658626505978
2023-12-25,1,1,24.911686261369766,212.00044980303758
2023-12-26,0,0,17.316717013834435,155.99297503525233
2023-12-27,0,0,24.427317741351256,148.08356979950767
2023-12-28,0,0,21.496466489923684,161.09292046919904
2023-12-29,0,0,21.07736794878859,138.49013900903213
2023-12-30,0,0,20.126885110165084,141.03526100142585
2023-12-31,1,0,17.306698117177586,179.0957470671318
2024-01-01,0,1,16.765280320055084,194.12957394697372
2024-01-02,1,0,17.204862090701752,185.17457501810824
2024-01-03,1,0,16.864382621442545,217.0246953778578
2024-01-04,0,0,22.795844735667533,144.00588941177557
2024-01-05,0,0,18.501252591667303,160.1516498239444
2024-01-06,0,0,15.578426765633964,183.6414750753436
2024-01-07,0,0,24.691026301408115,170.12469246533192
2024-01-08,0,0,23.83785884963426,168.45372135927653
2024-01-09,0,0,24.27752283195213,159.1116070398324
2024-01-10,0,0,24.94907822646435,155.99404630861525
2024-01-11,0,0,16.738952492194873,168.16752911667558
2024-01-12,0,0,18.962420189026588,165.64752209829084
2024-01-13,0,0,22.582384757040913,149.18071214293462
2024-01-14,0,0,21.960206180537924,147.823524730627
2024-01-15,0,0,16.53895906339855,162.88285033064344
2024-01-16,0,0,23.158331249906176,148.04459141211257
2024-01-17,0,0,17.244405718366608,157.11059531279238
2024-01-18,0,0,17.23817614822623,168.6877965265372
2024-01-19,0,0,20.369744228934135,165.08242508188349
2024-01-20,0,0,20.929399348417032,159.36271872575517
2024-01-21,0,0,20.80086207837811,173.57961231909132
2024-01-22,0,0,15.914868373977548,153.22799488162894
2024-01-23,0,0,23.774608626303802,147.05739803113843
2024-01-24,0,0,17.65600042588706,154.13157292436517
2024-01-25,0,0,16.295149212828044,145.42471949140477
2024-01-26,1,0,23.887480798689772,178.14720273760906
2024-01-27,0,0,24.556514982297536,150.4870532506119
2024-01-28,0,0,23.621276172654504,168.77809049177623
2024-01-29,0,0,23.09516074724878,157.07252786133827
2024-01-30,0,0,21.55241980639022,143.67661175983972
2024-01-31,1,0,20.508573706091394,204.61568497269545
2024-02-01,0,0,15.869867599114102,177.63109558418583
2024-02-02,0,0,19.084532130706986,164.88099370605684
2024-02-03,0,0,18.72688517012314,161.57905670966417
2024-02-04,0,0,17.597537837603262,156.57678710159158
2024-02-05,0,0,22.23420113688585,149.24437221517482
2024-02-06,1,0,19.958757350787707,198.47340085074765
2024-02-07,0,0,15.81046215907648,184.79695520209847
2024-02-08,0,0,17.201832019498113,178.66937481025514
2024-02-09,0,0,21.83258763659596,149.15552118109898
2024-02-10,0,0,15.761308594903001,159.05898625508166
2024-02-11,0,0,23.51206914048769,156.2310890715386
2024-02-12,0,0,19.951465270139742,140.32762779311804
2024-02-13,1,0,19.80586577326648,191.6034846899651
2024-02-14,0,0,20.924077846595175,154.72794464409733
2024-02-15,0,0,23.24680965925149,146.9667289687131
2024-02-16,1,0,18.47809207902193,175.2860855808108
2024-02-17,1,0,21.780161525590636,193.83356553166269
2024-02-18,0,0,20.65731963995791,155.68482694623597
2024-02-19,0,0,17.670282701694212,151.35532796790378
2024-02-20,0,0,23.78629986355158,122.16842697409956
2024-02-21,0,0,22.974260216069283,152.30856645699842
2024-02-22,0,0,21.584518346584254,173.15430231879643
2024-02-23,0,0,23.505817290942417,168.27036771448547
2024-02-24,0,0,23.672942009598025,150.82115067145702
2024-02-25,0,0,22.08362976715035,152.61720422422144
2024-02-26,0,0,23.37013328363672,156.82264746124088
2024-02-27,0,0,21.974714616692836,145.01047494811962
2024-02-28,0,0,21.801407717603006,158.427449242001
2024-02-29,0,0,21.186113782151843,164.36950800417972
2024-03-01,0,0,22.527166395576412,166.36451933795087
2024-03-02,0,0,16.58605105293074,169.04446412522375
2024-03-03,0,0,23.808707591989283,153.63254141576067
2024-03-04,0,0,23.718435277452322,143.1385847846628
2024-03-05,0,0,15.292472830345591,160.57011911166742
2024-03-06,0,0,23.258167505647627,150.71133148807084
2024-03-07,0,0,16.28869867473445,170.65730024269837
2024-03-08,0,0,18.35118854259142,172.0630988067793
2024-03-09,0,0,22.43508256291608,150.79626210261816
2024-03-10,0,0,16.60759896048308,185.478491609507
2024-03-11,0,0,23.17967024119062,150.76481445369512
2024-03-12,0,0,23.32134177957742,153.047621549487
2024-03-13,0,0,20.074677337608364,152.35109369105538
2024-03-14,0,0,15.063858717168335,145.67103222630843
2024-03-15,0,0,17.87038133174913,173.20943066911084
2024-03-16,0,0,21.16926918375742,169.20822707803225
2024-03-17,1,0,24.811861780274235,181.80991444851628
2024-03-18,0,0,21.318135270166685,158.34913731778641
2024-03-19,0,0,17.598035810641598,170.34740834725298
2024-03-20,0,0,21.340057030996114,142.1471022662617
2024-03-21,1,0,20.399853797158556,184.4310276349634
2024-03-22,1,0,22.798453951511437,192.93558800156302
2024-03-23,0,0,16.069806388269583,159.9759292057601
2024-03-24,0,0,22.61027902502028,162.44204459124165
2024-03-25,0,0,20.412665786761103,146.4044608054838
2024-03-26,0,0,24.629920038589944,156.2686572780196
2024-03-27,0,0,18.41872166038686,163.73892649273978
2024-03-28,0,0,21.326218931339483,142.19761572037845
2024-03-29,1,0,24.320281055100175,194.07679028210796
2024-03-30,0,0,16.02509727990679,165.74243562556669
2024-03-31,0,0,24.37228487236451,148.36003894411206
2024-04-01,0,0,21.878857223008133,159.52369769090222
2024-04-02,0,0,15.678370591051719,181.47393958241693
2024-04-03,0,0,18.009635669468164,155.23540484713703
2024-04-04,0,0,22.081720886452814,157.93483820705555
2024-04-05,0,0,15.673506014687717,174.4912215610359
2024-04-06,0,0,20.821704601762733,170.90630256183573
2024-04-07,0,0,18.458830569529567,170.53399721206702
2024-04-08,0,0,21.20915517767477,155.66724115779527
2024-04-09,1,0,15.457420338125129,192.63367412686475
2024-04-10,0,0,23.715368061523762,155.32370682264258
2024-04-11,0,0,24.73488969177397,141.77042171744648
2024-04-12,0,0,24.688778552856917,123.43911638581474
2024-04-13,0,0,22.49651831742925,165.47132683881694
2024-04-14,1,0,16.30086240130632,212.60497614597222
2024-04-15,0,0,22.582631959290225,133.4413513693482
2024-04-16,1,0,15.245869164588015,191.7154813726958
2024-04-17,0,0,15.221235515289973,178.12218543406738
2024-04-18,0,0,18.236102191495412,186.54445127434565
2024-04-19,0,0,19.88643190404666,162.94536133450438
2024-04-20,1,0,22.70407417807793,183.89069740302054
2024-04-21,0,0,21.832953766065053,161.1525903339134
2024-04-22,0,0,19.459027063767483,177.54675944666295
2024-04-23,1,0,17.73626666281666,190.85246137146152
2024-04-24,0,0,24.97124500157711,144.9188135243076
2024-04-25,0,0,19.26181302235973,159.5707494330487
2024-04-26,0,0,19.513870243296754,154.429371236032
2024-04-27,0,0,16.63623821191669,175.01321164695133
2024-04-28,0,0,22.948095487499295,177.47816562615793
2024-04-29,0,0,21.936822257814885,162.55330733761556
2024-04-30,1,0,17.207696127887605,196.3258189506711
2024-05-01,0,0,15.823810456158427,168.76759973186105
2024-05-02,0,0,21.80499302074713,144.16002631049662
2024-05-03,1,0,21.54511214281135,199.21138103043052
2024-05-04,0,0,17.73259526998209,171.29553214011358
2024-05-05,0,0,24.5086356225041,156.78561137491545
2024-05-06,0,0,16.510578917809003,202.58618670428467
2024-05-07,0,0,19.32334801042602,168.085689029883
2024-05-08,0,0,24.436159201675988,147.42321416839852
2024-05-09,0,0,19.197273169261223,161.22390787774862
2024-05-10,0,0,21.385259476640854,172.66455542263648
2024-05-11,0,0,18.975943979627942,171.20002053569652
2024-05-12,0,0,17.7421520234867,158.22070766505183
2024-05-13,1,0,24.83977647959828,193.66911498737852
2024-05-14,1,0,19.09334006315043,189.3568447247564
2024-05-15,0,0,23.940992036791343,175.14454650066412
2024-05-16,0,0,17.299546058910863,180.56352845702023
2024-05-17,0,0,17.131047040250834,165.69541398623042
2024-05-18,0,0,15.311340828845113,190.68679608860464
2024-05-19,0,0,21.51666825375885,166.21311983232422
2024-05-20,0,0,18.685263437237612,175.79369821693902
2024-05-21,1,0,23.64358249839637,192.2652386219682
2024-05-22,0,0,19.732099066915573,156.84589786770047
2024-05-23,1,0,24.681934279147217,179.04288277559544
2024-05-24,0,0,16.855255157031213,181.49993462443783
2024-05-25,0,0,23.68623167955611,158.25920718813512
2024-05-26,0,0,22.765968527917416,159.4795892856821
2024-05-27,1,0,22.70921844644052,180.14693539318648
2024-05-28,0,0,23.44783228116888,162.52551127878203
2024-05-29,0,0,22.61023990942999,180.6585416643808
2024-05-30,0,0,21.262203216314155,152.1226238212624
2024-05-31,0,0,16.312448776823874,173.00824351513745
2024-06-01,0,0,15.32526179491252,192.931215572011
2024-06-02,1,0,24.20847847815687,190.314749844535
2024-06-03,0,0,21.16650314520738,167.78741949101263
2024-06-04,0,0,22.96537290976176,149.1106138235619
2024-06-05,0,0,19.815223515125503,170.38650597200382
2024-06-06,1,0,16.173081889623944,201.5848627065091
2024-06-07,0,0,16.251857922025504,183.22464035417426
2024-06-08,0,0,21.855652872289713,178.10219811811885
2024-06-09,0,0,19.303058948994625,197.29774897487178
2024-06-10,0,0,17.005247267003366,177.86265475642807
2024-06-11,0,0,19.915945467414367,169.57147689491612
2024-06-12,0,0,15.642089370751341,176.87365604381802
2024-06-13,0,0,20.819714019143987,161.11148790877658
2024-06-14,0,0,17.689934044350977,174.35613632671055
2024-06-15,1,0,22.975591006371882,191.51455697228567
2024-06-16,1,0,18.103619589235738,205.96571077626857
2024-06-17,0,0,19.552201490818014,180.6284996721116
2024-06-18,0,0,15.116205399081007,166.32767795233374
2024-06-19,1,0,15.724468877945588,216.64394936431563
2024-06-20,0,0,18.92493556406685,182.0839681598054
2024-06-21,0,0,19.799388347171234,166.05181375591138
2024-06-22,0,0,21.000205481193035,147.68090287331674
2024-06-23,0,0,17.916625787093032,169.0569784862825
2024-06-24,1,0,21.949818861265427,206.10734478011727
2024-06-25,0,0,23.601223971892047,159.67449557588824
2024-06-26,0,0,22.7985098889335,151.58416914746923
2024-06-27,0,0,15.396188253483572,171.40267263466012
2024-06-28,0,0,19.80506947257829,176.10744677942256
2024-06-29,0,0,16.04930178418175,184.74870467880802
2024-06-30,0,0,17.420450158625275,174.2183383618344
2024-07-01,0,0,24.866625932671464,154.11565079291623
2024-07-02,0,0,16.42495542901513,170.81824153356172
2024-07-03,0,0,19.98888153451356,158.4524560736422
2024-07-04,0,1,21.18155734318119,201.5135503016105
2024-07-05,0,0,22.02464970544104,160.51899109590715
2024-07-06,0,0,20.59648683486914,182.83869384304342
2024-07-07,0,0,15.097708474191837,196.94641298099174
2024-07-08,0,0,18.26461308243992,181.4511393323748
2024-07-09,0,0,20.177116433847115,163.39540762652447
2024-07-10,0,0,15.878664991448334,180.41440164749275
2024-07-11,0,0,18.506269312091806,170.94852314455468
2024-07-12,0,0,15.332031087913666,168.57052415514298
2024-07-13,0,0,15.785784971550207,184.01221491801135
2024-07-14,0,0,18.96923276201596,162.67991571388993
2024-07-15,0,0,16.327157540430605,187.69984505889846
2024-07-16,0,0,20.67540848261558,162.5489634225531
2024-07-17,0,0,21.894649691372656,166.83683764237543
2024-07-18,0,0,23.005866991090826,165.50427230529624
2024-07-19,0,0,17.0015024424481,172.15966005570365
2024-07-20,0,0,16.674825822590698,185.33758815283608
2024-07-21,0,0,16.045678403344002,176.04849551597565
2024-07-22,1,0,21.364302495436366,204.94184397821275
2024-07-23,0,0,22.064757264869012,151.43675176793167
2024-07-24,0,0,15.31586144825642,179.7267231047126
2024-07-25,0,0,24.3621224624369,179.8282823770945
2024-07-26,0,0,15.519712836514724,168.1890854979244
2024-07-27,0,0,20.412963353010703,165.69703511136385
2024-07-28,0,0,22.090605194509166,174.3268667358287
2024-07-29,1,0,23.709691237460856,193.8140210783563
2024-07-30,0,0,22.140869321324278,168.73073518959322
2024-07-31,1,0,23.01728083069792,198.4320695852111
2024-08-01,0,0,18.39450192542806,179.20155788551605
2024-08-02,0,0,23.148251137465124,174.5124303010106
2024-08-03,0,0,15.80114846384675,186.27641090359435
2024-08-04,1,0,23.948166560605276,193.54019870023092
2024-08-05,0,0,20.475923761537363,175.69158496220362
2024-08-06,0,0,23.172977699624937,182.63914652857747
2024-08-07,0,0,19.523182845183,169.6821665303076
2024-08-08,0,0,21.43577695196525,157.50660983948652
2024-08-09,0,0,20.26402660936113,180.73479736989503
2024-08-10,0,0,22.31589521755332,168.4250289267291
2024-08-11,0,0,15.816299820305895,160.96992300624373
2024-08-12,0,0,15.603520839905638,187.66498030431296
2024-08-13,0,0,17.471032340101466,170.17104577850202
2024-08-14,0,0,16.595446801131885,176.43875299856293
2024-08-15,0,0,23.717835665922017,166.48769850333858
2024-08-16,0,0,17.192139873580444,178.19287068574639
2024-08-17,0,0,24.758652558191315,172.3179537957485
2024-08-18,0,0,18.368957917711068,173.71654830524432
2024-08-19,0,0,16.82117915688699,182.36661461997585
2024-08-20,0,0,22.89698507142479,162.5570651389244
2024-08-21,0,0,21.58707775500876,175.22903846209482
2024-08-22,0,0,19.98195716453139,177.27343677992917
2024-08-23,0,0,20.553635509376313,160.69060533528702
2024-08-24,0,0,22.192017782722637,181.69663607641476
2024-08-25,0,0,17.284547413312985,175.3607083079674
2024-08-26,0,0,24.96333916056742,169.51192435303466
2024-08-27,0,0,24.74793162146783,165.60362168805992
2024-08-28,0,0,21.503256863469367,186.8705219436188
2024-08-29,0,0,16.99542450929145,175.33827716592904
2024-08-30,0,0,21.802282424312914,164.5346403040468
2024-08-31,0,0,15.721984089791759,184.06279598101787
2024-09-01,0,0,15.30652502205806,182.124699452644
2024-09-02,0,0,17.576828885112135,184.68389567992324
2024-09-03,0,0,19.626229567393164,156.49115631719894
2024-09-04,0,0,23.682725054083804,154.07303434234416
2024-09-05,0,0,22.271690697663082,156.82248513648136
2024-09-06,0,0,22.42706521199981,176.76142834895973
2024-09-07,1,0,19.254933344480754,224.7773369957055
2024-09-08,0,0,18.45934992546963,178.2864650281579
2024-09-09,0,0,18.710387629846025,173.20925167850388
2024-09-10,0,0,24.876495637360577,163.33436163213082
2024-09-11,0,0,15.401091914124825,193.27201757917658
2024-09-12,0,0,23.670314961224484,155.90984422261377
2024-09-13,0,0,20.786754085723935,173.40277424849256
2024-09-14,0,0,19.386154191895905,187.64084761224922
2024-09-15,0,0,22.252576604151365,177.23555529493657
2024-09-16,0,0,19.866689414247027,174.9607912469584
2024-09-17,0,0,23.734232380816607,175.40893717912738
2024-09-18,0,0,24.007018640112584,137.8891679104958
2024-09-19,0,0,19.217209268734553,181.3484498841774
2024-09-20,0,0,17.768277972350518,170.9953895559863
2024-09-21,0,0,20.92350328593362,156.98795389715391
2024-09-22,0,0,24.12363345616691,174.07463562612585
2024-09-23,0,0,17.106621890056665,192.80180532035027
2024-09-24,0,0,21.229665835634826,169.5132339369116
2024-09-25,0,0,21.315602200925206,180.31317893026127
2024-09-26,0,0,22.33113022415281,184.9447470972873
2024-09-27,0,0,16.3156768512726,194.07060290462587
2024-09-28,0,0,22.158249646820884,189.7045451770269
2024-09-29,0,0,24.09032520665641,176.930610779985
2024-09-30,0,0,16.79683108870242,180.9192475998141
2024-10-01,0,0,17.375433249238775,163.05663587637792
2024-10-02,0,0,24.713950940416396,162.00722083731904
2024-10-03,0,0,16.809769527094897,171.91232969772372
2024-10-04,0,0,23.543850933695794,188.65464711828614
2024-10-05,0,0,19.922778564480346,176.49709366303966
2024-10-06,0,0,17.47231074403177,184.45752260172918
2024-10-07,0,0,23.707499012725116,172.33853886252643
2024-10-08,0,0,19.453052550026655,175.8371895968674
2024-10-09,0,0,20.148173539296902,191.03002066453402
2024-10-10,0,0,18.592333693997656,171.03328343910462
2024-10-11,0,0,20.929508514349273,174.6000890737425
2024-10-12,0,0,16.63523872585023,177.88643534701177
2024-10-13,0,0,18.910815366517607,167.6283499160746
2024-10-14,0,0,24.694123223352875,159.2128555111824
2024-10-15,0,0,17.581334327011277,179.25434334805848
2024-10-16,0,0,21.56736664541292,167.42821154219087
2024-10-17,0,0,18.251900642246948,171.49654310058096
2024-10-18,0,0,22.734731256866006,155.4605041389872
2024-10-19,0,0,16.308736607183498,185.61319945440778
2024-10-20,0,0,24.698210450785446,154.68669085880498
2024-10-21,0,0,19.53789541383639,183.72367141553326
2024-10-22,0,0,17.36050463346464,181.3708779743499
2024-10-23,1,0,15.734967473300127,199.29062687630875
2024-10-24,0,0,16.697579050875408,178.91741505093302
2024-10-25,0,0,20.197739485560177,167.55620800178042
2024-10-26,0,0,18.370031764312863,185.9935197099968
2024-10-27,0,0,23.288833658826093,186.43726238263412
2024-10-28,0,0,19.308875236618057,158.30953717598547
2024-10-29,0,0,17.4871427258763,181.92357479102475
2024-10-30,0,0,21.1714498660403,171.8719588691803
2024-10-31,0,0,22.067772168854457,178.46263008934716
2024-11-01,0,0,16.6704190790095,184.74448889253347
2024-11-02,0,0,16.676192162883176,179.14987023064515
2024-11-03,0,0,15.36671426933543,186.1665670840868
2024-11-04,0,0,22.364020150656405,163.4708232157003
2024-11-05,0,0,21.63804527621805,183.71169002422204
2024-11-06,1,0,19.746308757498138,207.01679526801945
2024-11-07,0,0,23.441704489691972,188.4933812800666
2024-11-08,0,0,23.056701529500533,169.71345931039733
2024-11-09,1,0,20.85354364396752,201.71090265612906
2024-11-10,0,0,23.68271280513259,158.0680751823994
2024-11-11,0,0,17.058412100367683,164.49101086112222
2024-11-12,0,0,16.119196193977277,168.62806711203172
2024-11-13,0,0,17.697496115169898,184.05268031544034
2024-11-14,0,0,15.570868560893148,190.79050625180247
2024-11-15,1,0,20.31169528001032,190.47828266657157
2024-11-16,0,0,24.366056922949614,181.20043664739964
2024-11-17,0,0,15.393435406685096,185.43327312795728
2024-11-18,0,0,16.221099140100268,186.14507340344096
2024-11-19,0,0,19.521990282834352,194.26615438629568
2024-11-20,0,0,24.33875017527905,177.54740858313153
2024-11-21,0,0,18.161561049767506,178.31667430206514
2024-11-22,0,0,20.072348086883924,168.33707155836188
2024-11-23,0,0,15.415728590503921,169.11266589760584
2024-11-24,0,0,16.483432009620888,181.3724669858649
2024-11-25,0,0,24.86630122958847,165.7555464557011
2024-11-26,0,0,24.651186964360456,158.49386920854639
2024-11-27,0,0,15.049399809344097,186.32525622479207
2024-11-28,0,0,24.51811785423239,169.53749574115034
2024-11-29,0,0,21.391199378155004,172.84284115126076
2024-11-30,0,0,23.67918294520022,168.08399513264067
2024-12-01,0,0,19.547398556338592,184.60272354388997
2024-12-02,0,0,20.155960285792503,182.1870469666331
2024-12-03,0,0,19.8884658025692,167.4672257685813
2024-12-04,0,0,21.668642575461043,188.98877390031294
2024-12-05,0,0,16.39651254756313,184.50641594142755
2024-12-06,1,0,15.29973589872678,217.9429338970155
2024-12-07,0,0,18.07929941591191,193.34604197138648
2024-12-08,0,0,22.04680762736647,180.7296297341709
2024-12-09,0,0,17.018534521229483,194.0539680785665
2024-12-10,0,0,21.734324333249173,178.03085087303705
2024-12-11,0,0,24.699120461072702,163.17423032459152
2024-12-12,0,0,15.939007157894183,190.5024530350381
2024-12-13,0,0,21.726021182251262,163.94471476668042
2024-12-14,0,0,19.43750219304571,185.11319898168753
2024-12-15,0,0,23.681422543775053,175.27604842164314
2024-12-16,1,0,16.77149789447386,213.41561615958886
2024-12-17,0,0,21.926259522261645,173.97047346797356
2024-12-18,1,0,23.381152896481105,183.5961584845717
2024-12-19,0,0,24.446142194740233,164.86600837124436
2024-12-20,0,0,21.83248028289646,176.57761738937683
2024-12-21,1,0,19.971747640084274,215.03778468918816
2024-12-22,0,0,21.17847240201214,170.817606941723
2024-12-23,0,0,23.68904984478718,184.79886897970366
2024-12-24,0,0,20.706097466388297,169.51453395133353
2024-12-25,0,1,15.303870596968368,218.74389528320992
2024-12-26,0,0,24.30948695506978,175.37862128608074
2024-12-27,0,0,21.895267510315612,169.5414305640583
2024-12-28,0,0,21.765133857772465,198.08566699930188
2024-12-29,0,0,17.15675152397717,177.6815415288567
2024-12-30,0,0,21.58885470232657,186.01383233144688
